0,nospec_no_specifier_test,1633640269,0
1,nospec_empty_string,1633640269,0
2,nospec_some_escaped_chars,1633640269,0
3,nospec_successive_5_5,1633640269,0
4,nospec_successive_2_9,1633640269,0
5,nospec_successive_8_3,1633640269,0
6,pct_basic,1633640269,0
7,pct_5w,1633640269,0
8,pct_5wlj,1633640269,0
9,pct_5wzp,1633640269,0
10,pct_5wljzp,1633640269,0
11,nocrash_notrequired_nullspec_basic,1633640269,0
12,nocrash_notrequired_nullspec_5w,1633640269,0
13,nocrash_notrequired_nullspec_5wzp,1633640269,0
14,nocrash_notrequired_nullspec_5wzplj,1633640269,0
15,nocrash_notrequired_nullspec_5wlj,1633640269,0
16,c_allprintable_combined,1633640269,0
17,c_1_31_combined,1633640269,0
18,c_128_255_combined,1633640269,0
19,c_allprintable_width,1633640269,0
20,c_1_31_width,1633640269,0
21,c_128_255_width,1633640269,0
22,c_allprintable_width_lj,1633640269,0
23,c_1_31_width_lj,1633640269,0
24,c_128_255_width_lj,1633640269,0
25,c_nullterm_basic,1633640269,0
26,c_nullterm_5w,1633640269,0
27,c_nullterm_5wlj,1633640269,0
28,s_basic_string_expansion,1633640269,0
29,s_only_string_expansion,1633640269,0
30,s_two_string_expansions,1633640269,0
31,s_two_string_expansions2,1633640269,0
32,s_empty_string_expansion,1633640269,0
33,s_full_then_empty_string,1633640269,0
34,s_empty_then_full_string,1633640269,0
35,s_three_strings,1633640269,0
36,s_space_padded_field_width,1633640269,0
37,s_space_padded_field_width2,1633640269,0
38,s_space_padded_over_field_width,1633640269,0
39,s_space_padded_field_width_lj,1633640269,0
40,s_space_padded_field_width2_lj,1633640269,0
41,s_space_padded_over_field_width_lj,1633640269,0
42,s_string_prec_notrunc,1633640269,0
43,s_string_prec_trunc,1633640269,0
44,s_string_prec_default,1633640269,0
45,s_string_prec_zero,1633640269,0
46,s_two_strings_prec_2trunc,1633640269,0
47,s_two_strings_prec_1trunc_a,1633640269,0
48,s_two_strings_prec_1trunc_b,1633640269,0
49,s_two_strings_prec_0trunc,1633640269,0
50,s_string_prec_width_notrunc,1633640269,0
51,s_string_prec_width_trunc,1633640269,0
52,s_string_prec_width_notrunc_lj,1633640269,0
53,s_string_prec_width_trunc_lj,1633640269,0
54,s_two_s_prec_width_2fit_0trunc,1633640269,0
55,s_two_s_prec_width_1fit_a_0trunc,1633640269,0
56,s_two_s_prec_width_1fit_b_0trunc,1633640269,0
57,s_two_s_prec_width_0fit_0trunc,1633640269,0
58,s_two_s_prec_width_2fit_1trunc_a,1633640269,0
59,s_two_s_prec_width_1fit_a_1trunc_a,1633640269,0
60,s_two_s_prec_width_1fit_b_1trunc_a,1633640269,0
61,s_two_s_prec_width_0fit_1trunc_a,1633640269,0
62,s_two_s_prec_width_2fit_1trunc_b,1633640269,0
63,s_two_s_prec_width_1fit_a_1trunc_b,1633640269,0
64,s_two_s_prec_width_1fit_b_1trunc_b,1633640269,0
65,s_two_s_prec_width_0fit_1trunc_b,1633640269,0
66,s_two_s_prec_width_2fit_2trunc,1633640269,0
67,s_two_s_prec_width_1fit_a_2trunc,1633640269,0
68,s_two_s_prec_width_1fit_b_2trunc,1633640269,0
69,s_two_s_prec_width_0fit_2trunc,1633640269,0
70,s_two_s_prec_width_2trunc,1633640269,0
71,s_two_strings_lj_and_rj,1633640269,0
72,s_two_strings_rj_and_lj,1633640269,0
73,s_null_basic_string_expansion,1633640269,0
74,s_null_only_string_expansion,1633640269,0
75,s_null_space_padded_field_width,1633640269,0
76,s_null_space_padded_over_field_width,1633640269,0
77,s_null_space_padded_field_width_lj,1633640269,0
78,s_null_space_padded_field_width2_lj,1633640269,0
79,s_null_space_padded_over_field_width_lj,1633640269,0
80,s_null_string_prec_notrunc,1633640269,0
81,s_null_string_prec_trunc,1633640269,0
82,s_null_string_prec_default,1633640269,0
83,s_null_string_prec_zero,1633640269,0
84,s_basic_s_hidden,1633640269,0
85,s_width_3_s_hidden,1633640269,0
86,s_width_9_s_hidden,1633640269,0
87,s_prec_no_width_s_hidden,1633640269,0
88,s_prec_9_no_width_s_hidden,1633640269,0
89,s_prec_03_no_width_s_hidden,1633640269,0
90,s_prec_09_no_width_s_hidden,1633640269,0
91,s_prec_03_no_width_s_null,1633640269,0
92,s_prec_09_no_width_s_null,1633640269,0
93,s_prec_00_no_width_s_nullchar,1633640269,0
94,s_prec_01_no_width_s_nullchar,1633640269,0
95,s_prec_03_no_width_s_nullchar,1633640269,0
96,s_prec_09_no_width_s_nullchar,1633640269,0
97,s_prec_0_width_3_s_hidden,1633640269,0
98,s_prec_0_width_10_s_hidden,1633640269,0
99,s_prec_0_width_3_s_null,1633640269,0
100,s_prec_0_width_10_s_null,1633640269,0
101,s_prec_0_width_1_s_nullchar,1633640269,0
102,s_prec_0_width_2_s_nullchar,1633640269,0
103,s_prec_0_width_9_s_nullchar,1633640269,0
104,s_prec_0_lj_width_3_s_hidden,1633640269,0
105,s_prec_0_lj_width_8_s_hidden,1633640269,0
106,s_prec_0_lj_width_3_s_null,1633640269,0
107,s_prec_0_lj_width_8_s_null,1633640269,0
108,s_prec_0_lj_width_1_s_nullchar,1633640269,0
109,s_prec_0_lj_width_2_s_nullchar,1633640269,0
110,s_prec_0_lj_width_6_s_nullchar,1633640269,0
111,s_prec_1_width_3_s_hidden,1633640269,0
112,s_prec_1_width_10_s_hidden,1633640269,0
113,s_prec_1_width_3_s_null,1633640269,0
114,s_prec_1_width_9_s_null,1633640269,0
115,s_prec_1_lj_width_3_s_hidden,1633640269,0
116,s_prec_1_lj_width_10_s_hidden,1633640269,0
117,s_prec_1_lj_width_3_s_null,1633640269,0
118,s_prec_1_lj_width_9_s_null,1633640269,0
119,s_prec_1_lj_width_3_s_nullchar,1633640269,0
120,s_prec_1_lj_width_6_s_nullchar,1633640269,0
121,s_prec_perfect_width_3_s_hidden,1633640269,0
122,s_prec_perfect_width_20_s_hidden,1633640269,0
123,s_prec_perfect_width_3_s_null,1633640269,0
124,s_prec_perfect_width_20_s_null,1633640269,0
125,s_prec_perfect_width_3_s_nullchar,1633640269,0
126,s_prec_perfect_width_6_s_nullchar,1633640269,0
127,s_prec_perfect_lj_width_3_s_hidden,1633640269,0
128,s_prec_perfect_lj_width_20_s_hidden,1633640269,0
129,s_prec_8_lj_width_3_s_hidden,1633640269,0
130,s_prec_8_lj_width_10_s_hidden,1633640269,0
131,s_prec_8_lj_width_3_s_null,1633640269,0
132,s_prec_8_lj_width_10_s_null,1633640269,0
133,s_prec_00_lj_s_hidden_trunc,1633640269,0
134,s_prec_09_lj_s_hidden_notrunc,1633640269,0
173,p_null,1633640269,0
178,p_ftfc_5w_throwswarning,1633640269,0
179,p_basic,1633640269,0
180,p_width_fit,1633640269,0
181,p_width_nofit,1633640269,0
182,p_width_16,1633640269,0
183,p_width_8,1633640269,0
184,p_width_32,1633640269,0
185,p_width_fit_lj,1633640269,0
186,p_width_nofit_lj,1633640269,0
187,p_width_16_lj,1633640269,0
188,p_width_8_lj,1633640269,0
189,p_width_32_lj,1633640269,0
190,d_basic_pos,1633640269,0
191,d_basic_neg,1633640269,0
192,d_basic_zero,1633640269,0
193,d_basic_onlypos,1633640269,0
194,d_basic_onlyneg,1633640269,0
195,d_basic_onlyzero,1633640269,0
196,d_intmax,1633640269,0
197,d_intmin,1633640269,0
198,d_width_pos_fits,1633640269,0
199,d_width_neg_fits,1633640269,0
200,d_width_zero_fits,1633640269,0
201,d_width_pos_exactfit,1633640269,0
202,d_width_neg_exactfit,1633640269,0
203,d_width_pos_nofit,1633640269,0
204,d_width_neg_nofit,1633640269,0
205,d_width_pos_fits_lj,1633640269,0
206,d_width_neg_fits_lj,1633640269,0
207,d_width_zero_fits_lj,1633640269,0
208,d_width_pos_exactfit_lj,1633640269,0
209,d_width_neg_exactfit_lj,1633640269,0
210,d_width_pos_nofit_lj,1633640269,0
211,d_width_neg_nofit_lj,1633640269,0
212,d_prec_fits_pos,1633640269,0
213,d_prec_fits_neg,1633640269,0
214,d_prec_fits_zero,1633640269,0
215,d_prec_exactfit_pos,1633640269,0
216,d_prec_exactfit_neg,1633640269,0
217,d_prec_nofit_pos,1633640269,0
218,d_prec_nofit_neg,1633640269,0
219,d_zp_pos_fits,1633640269,0
220,d_zp_neg_fits,1633640269,0
221,d_zp_zero_fits,1633640269,0
222,d_zp_pos_exactfit,1633640269,0
223,d_zp_neg_exactfit,1633640269,0
224,d_zp_neg_minus1fit,1633640269,0
225,d_prec_width_fit_fit_pos,1633640269,0
226,d_prec_width_fit_fit_neg,1633640269,0
227,d_prec_width_fit_fit_zero,1633640269,0
228,d_prec_width_nofit_fit_pos,1633640269,0
229,d_prec_width_nofit_fit_neg,1633640269,0
230,d_prec_width_fit_nofit_pos,1633640269,0
231,d_prec_width_fit_nofit_neg,1633640269,0
232,d_prec_width_nofit_nofit_pos,1633640269,0
233,d_prec_width_nofit_nofit_neg,1633640269,0
234,d_prec_width_fit_fit_pos_lj,1633640269,0
235,d_prec_width_fit_fit_neg_lj,1633640269,0
236,d_prec_width_fit_fit_zero_lj,1633640269,0
237,d_prec_width_nofit_fit_pos_lj,1633640269,0
238,d_prec_width_nofit_fit_neg_lj,1633640269,0
239,d_prec_width_fit_nofit_pos_lj,1633640269,0
240,d_prec_width_fit_nofit_neg_lj,1633640269,0
241,d_prec_width_nofit_nofit_pos_lj,1633640269,0
242,d_prec_width_nofit_nofit_neg_lj,1633640269,0
243,d_prec_width_ff_pos_zp,1633640269,0
244,d_prec_width_ff_neg_zp,1633640269,0
245,d_prec_width_ff_zero_zp,1633640269,0
246,d_prec_width_nf_pos_zp,1633640269,0
247,d_prec_width_nf_neg_zp,1633640269,0
248,d_prec_width_fn_pos_zp,1633640269,0
249,d_prec_width_fn_neg_zp,1633640269,0
250,d_prec_width_nn_pos_zp,1633640269,0
251,d_prec_width_nn_neg_zp,1633640269,0
252,d_prec_width_ff_pos_lj_zp_ignoreflag,1633640269,0
253,d_prec_width_ff_neg_ljzp_ignoreflag,1633640269,0
254,d_prec_width_ff_zero_ljzp_ignoreflag,1633640269,0
255,d_prec_width_nf_pos_ljzp_ignoreflag,1633640269,0
256,d_prec_width_nf_neg_ljzp_ignoreflag,1633640269,0
257,d_prec_width_fn_pos_ljzp_ignoreflag,1633640269,0
258,d_prec_width_fn_neg_ljzp_ignoreflag,1633640269,0
259,d_prec_width_nn_pos_ljzp_ignoreflag,1633640269,0
260,d_prec_width_nn_neg_ljzp_ignoreflag,1633640269,0
261,d_prec0val0_basic,1633640269,0
262,d_prec0val0_implicit,1633640269,0
263,d_prec0val0_w,1633640269,0
264,d_prec0val0_w_impl,1633640269,0
265,d_prec0val0_wlj,1633640269,0
266,d_prec0val0_wlj_impl,1633640269,0
267,i_basic_pos,1633640269,0
268,i_basic_neg,1633640269,0
269,i_basic_zero,1633640269,0
270,i_basic_onlypos,1633640269,0
271,i_basic_onlyneg,1633640269,0
272,i_basic_onlyzero,1633640269,0
273,i_intmax,1633640269,0
274,i_intmin,1633640269,0
275,i_width_pos_fits,1633640269,0
276,i_width_neg_fits,1633640269,0
277,i_width_zero_fits,1633640269,0
278,i_width_pos_exactfit,1633640269,0
279,i_width_neg_exactfit,1633640269,0
280,i_width_pos_nofit,1633640269,0
281,i_width_neg_nofit,1633640269,0
282,i_width_pos_fits_lj,1633640269,0
283,i_width_neg_fits_lj,1633640269,0
284,i_width_zero_fits_lj,1633640269,0
285,i_width_pos_exactfit_lj,1633640269,0
286,i_width_neg_exactfit_lj,1633640269,0
287,i_width_pos_nofit_lj,1633640269,0
288,i_width_neg_nofit_lj,1633640269,0
289,i_prec_fits_pos,1633640269,0
290,i_prec_fits_neg,1633640269,0
291,i_prec_fits_zero,1633640269,0
292,i_prec_exactfit_pos,1633640269,0
293,i_prec_exactfit_neg,1633640269,0
294,i_prec_nofit_pos,1633640269,0
295,i_prec_nofit_neg,1633640269,0
296,i_zp_pos_fits,1633640269,0
297,i_zp_neg_fits,1633640269,0
298,i_zp_zero_fits,1633640269,0
299,i_zp_pos_exactfit,1633640269,0
300,i_zp_neg_exactfit,1633640269,0
301,i_zp_neg_minus1fit,1633640269,0
302,i_prec_width_fit_fit_pos,1633640269,0
303,i_prec_width_fit_fit_neg,1633640269,0
304,i_prec_width_fit_fit_zero,1633640269,0
305,i_prec_width_nofit_fit_pos,1633640269,0
306,i_prec_width_nofit_fit_neg,1633640269,0
307,i_prec_width_fit_nofit_pos,1633640269,0
308,i_prec_width_fit_nofit_neg,1633640269,0
309,i_prec_width_nofit_nofit_pos,1633640269,0
310,i_prec_width_nofit_nofit_neg,1633640269,0
311,i_prec_width_fit_fit_pos_lj,1633640269,0
312,i_prec_width_fit_fit_neg_lj,1633640269,0
313,i_prec_width_fit_fit_zero_lj,1633640269,0
314,i_prec_width_nofit_fit_pos_lj,1633640269,0
315,i_prec_width_nofit_fit_neg_lj,1633640269,0
316,i_prec_width_fit_nofit_pos_lj,1633640269,0
317,i_prec_width_fit_nofit_neg_lj,1633640269,0
318,i_prec_width_nofit_nofit_pos_lj,1633640269,0
319,i_prec_width_nofit_nofit_neg_lj,1633640269,0
320,i_prec_width_ff_pos_zp,1633640269,0
321,i_prec_width_ff_neg_zp,1633640269,0
322,i_prec_width_ff_zero_zp,1633640269,0
323,i_prec_width_nf_pos_zp,1633640269,0
324,i_prec_width_nf_neg_zp,1633640269,0
325,i_prec_width_fn_pos_zp,1633640269,0
326,i_prec_width_fn_neg_zp,1633640269,0
327,i_prec_width_nn_pos_zp,1633640269,0
328,i_prec_width_nn_neg_zp,1633640269,0
329,i_prec_width_ff_pos_lj_zp_ignoreflag,1633640269,0
330,i_prec_width_ff_neg_ljzp_ignoreflag,1633640269,0
331,i_prec_width_ff_zero_ljzp_ignoreflag,1633640269,0
332,i_prec_width_nf_pos_ljzp_ignoreflag,1633640269,0
333,i_prec_width_nf_neg_ljzp_ignoreflag,1633640269,0
334,i_prec_width_fn_pos_ljzp_ignoreflag,1633640269,0
335,i_prec_width_fn_neg_ljzp_ignoreflag,1633640269,0
336,i_prec_width_nn_pos_ljzp_ignoreflag,1633640269,0
337,i_prec_width_nn_neg_ljzp_ignoreflag,1633640269,0
338,i_prec0val0_basic,1633640269,0
339,i_prec0val0_implicit,1633640269,0
340,i_prec0val0_w,1633640269,0
341,i_prec0val0_w_impl,1633640269,0
342,i_prec0val0_wlj,1633640269,0
343,i_prec0val0_wlj_impl,1633640269,0
344,u_basic_pos,1633640269,0
345,u_basic_zero,1633640269,0
346,u_basic_onlypos,1633640269,0
347,u_uintmax,1633640269,0
348,u_width_pos_fits,1633640269,0
349,u_width_zero_fits,1633640269,0
350,u_width_pos_exactfit,1633640269,0
351,u_width_pos_nofit,1633640269,0
352,u_width_pos_fits_lj,1633640269,0
353,u_width_zero_fits_lj,1633640269,0
354,u_width_pos_exactfit_lj,1633640269,0
355,u_width_pos_nofit_lj,1633640269,0
356,u_prec_fits_pos,1633640269,0
357,u_prec_fits_zero,1633640269,0
358,u_prec_exactfit_pos,1633640269,0
359,u_prec_nofit_pos,1633640269,0
360,u_zp_pos_fits,1633640269,0
361,u_zp_zero_fits,1633640269,0
362,u_zp_pos_exactfit,1633640269,0
363,u_prec_width_fit_fit_pos,1633640269,0
364,u_prec_width_fit_fit_zero,1633640269,0
365,u_prec_width_nofit_fit_pos,1633640269,0
366,u_prec_width_fit_nofit_pos,1633640269,0
367,u_prec_width_nofit_nofit_pos,1633640269,0
368,u_prec_width_fit_fit_pos_lj,1633640269,0
369,u_prec_width_fit_fit_zero_lj,1633640269,0
370,u_prec_width_nofit_fit_pos_lj,1633640269,0
371,u_prec_width_fit_nofit_pos_lj,1633640269,0
372,u_prec_width_nofit_nofit_pos_lj,1633640269,0
373,u_prec_width_ff_pos_zp,1633640269,0
374,u_prec_width_ff_zero_zp,1633640269,0
375,u_prec_width_nf_pos_zp,1633640269,0
376,u_prec_width_fn_pos_zp,1633640269,0
377,u_prec_width_nn_pos_zp,1633640269,0
378,u_prec_width_ff_pos_ljzp_ignoreflag,1633640269,0
379,u_prec_width_ff_zero_ljzp_ignoreflag,1633640269,0
380,u_prec_width_nf_pos_ljzp_ignoreflag,1633640269,0
381,u_prec_width_fn_pos_ljzp_ignoreflag,1633640269,0
382,u_prec_width_nn_pos_ljzp_ignoreflag,1633640269,0
383,u_prec0val0_basic,1633640269,0
384,u_prec0val0_implicit,1633640269,0
385,u_prec0val0_w,1633640269,0
386,u_prec0val0_w_impl,1633640269,0
387,u_prec0val0_wlj,1633640269,0
388,u_prec0val0_wlj_impl,1633640269,0
389,x_basic_pos,1633640269,0
390,x_basic_zero,1633640269,0
391,x_basic_onlypos,1633640269,0
392,x_hexlmax,1633640269,0
393,x_width_pos_fits,1633640269,0
394,x_width_zero_fits,1633640269,0
395,x_width_pos_exactfit,1633640269,0
396,x_width_pos_nofit,1633640269,0
397,x_width_pos_fits_lj,1633640269,0
398,x_width_zero_fits_lj,1633640269,0
399,x_width_pos_exactfit_lj,1633640269,0
400,x_width_pos_nofit_lj,1633640269,0
401,x_prec_fits_pos,1633640269,0
402,x_prec_fits_zero,1633640269,0
403,x_prec_exactfit_pos,1633640269,0
404,x_prec_nofit_pos,1633640269,0
405,x_zp_pos_fits,1633640269,0
406,x_zp_zero_fits,1633640269,0
407,x_zp_pos_exactfit,1633640269,0
408,x_prec_width_fit_fit_pos,1633640269,0
409,x_prec_width_fit_fit_zero,1633640269,0
410,x_prec_width_nofit_fit_pos,1633640269,0
411,x_prec_width_fit_nofit_pos,1633640269,0
412,x_prec_width_nofit_nofit_pos,1633640269,0
413,x_prec_width_fit_fit_pos_lj,1633640269,0
414,x_prec_width_fit_fit_zero_lj,1633640269,0
415,x_prec_width_nofit_fit_pos_lj,1633640269,0
416,x_prec_width_fit_nofit_pos_lj,1633640269,0
417,x_prec_width_nofit_nofit_pos_lj,1633640269,0
418,x_prec_width_ff_pos_zp,1633640269,0
419,x_prec_width_ff_zero_zp,1633640269,0
420,x_prec_width_nf_pos_zp,1633640269,0
421,x_prec_width_fn_pos_zp,1633640269,0
422,x_prec_width_nn_pos_zp,1633640269,0
423,x_prec_width_ff_pos_ljzp_ignoreflag,1633640269,0
424,x_prec_width_ff_zero_ljzp_ignoreflag,1633640269,0
425,x_prec_width_nf_pos_ljzp_ignoreflag,1633640269,0
426,x_prec_width_fn_pos_ljzp_ignoreflag,1633640269,0
427,x_prec_width_nn_pos_ljzp_ignoreflag,1633640269,0
428,x_prec0val0_basic,1633640269,0
429,x_prec0val0_implicit,1633640269,0
430,x_prec0val0_w,1633640269,0
431,x_prec0val0_w_impl,1633640269,0
432,x_prec0val0_wlj,1633640269,0
433,x_prec0val0_wlj_impl,1633640269,0
434,X_basic_hexu_pos,1633640269,0
435,X_basic_hexu_zero,1633640269,0
436,X_basic_hexu_onlypos,1633640269,0
437,X_hexumax,1633640269,0
438,X_width_pos_fits,1633640269,0
439,X_width_zero_fits,1633640269,0
440,X_width_pos_exactfit,1633640269,0
441,X_width_pos_nofit,1633640269,0
442,X_width_pos_fits_lj,1633640269,0
443,X_width_zero_fits_lj,1633640269,0
444,X_width_pos_exactfit_lj,1633640269,0
445,X_width_pos_nofit_lj,1633640269,0
446,X_prec_fits_pos,1633640269,0
447,X_prec_fits_zero,1633640269,0
448,X_prec_exactfit_pos,1633640269,0
449,X_prec_nofit_pos,1633640269,0
450,X_zp_pos_fits,1633640269,0
451,X_zp_zero_fits,1633640269,0
452,X_zp_pos_exactfit,1633640269,0
453,X_prec_width_fit_fit_pos,1633640269,0
454,X_prec_width_fit_fit_zero,1633640269,0
455,X_prec_width_nofit_fit_pos,1633640269,0
456,X_prec_width_fit_nofit_pos,1633640269,0
457,X_prec_width_nofit_nofit_pos,1633640269,0
458,X_prec_width_fit_fit_pos_lj,1633640269,0
459,X_prec_width_fit_fit_zero_lj,1633640269,0
460,X_prec_width_nofit_fit_pos_lj,1633640269,0
461,X_prec_width_fit_nofit_pos_lj,1633640269,0
462,X_prec_width_nofit_nofit_pos_lj,1633640269,0
463,X_prec_width_ff_pos_zp,1633640269,0
464,X_prec_width_ff_zero_zp,1633640269,0
465,X_prec_width_nf_pos_zp,1633640269,0
466,X_prec_width_fn_pos_zp,1633640269,0
467,X_prec_width_nn_pos_zp,1633640269,0
468,X_prec_width_ff_pos_ljzp_ignoreflag,1633640269,0
469,X_prec_width_ff_zero_ljzp_ignoreflag,1633640269,0
470,X_prec_width_nf_pos_ljzp_ignoreflag,1633640269,0
471,X_prec_width_fn_pos_ljzp_ignoreflag,1633640269,0
472,X_prec_width_nn_pos_ljzp_ignoreflag,1633640269,0
473,X_prec0val0_basic,1633640269,0
474,X_prec0val0_implicit,1633640269,0
475,X_prec0val0_w,1633640269,0
476,X_prec0val0_w_impl,1633640269,0
477,X_prec0val0_wlj,1633640269,0
478,X_prec0val0_wlj_impl,1633640269,0
479,new2019_star_1,1633640269,0
480,new2019_star_2,1633640269,0
481,new2019_star_3,1633640269,0
482,new2019_star_4,1633640269,0
483,new2019_star_5,1633640269,0
484,new2019_star_6,1633640269,0
485,new2019_star_7,1633640269,0
486,new2019_star_8,1633640269,0
487,new2019_star_9,1633640269,0
488,new2019_star_10,1633640269,0
489,new2019_negstar_1,1633640269,0
490,new2019_negstar_2,1633640269,0
491,new2019_negstar_3,1633640269,0
492,new2019_negstar_4,1633640269,0
493,new2019_negstar_5,1633640269,0
494,new2019_negstar_6,1633640269,0
495,new2019_negstar_7,1633640269,0
496,new2019_negstar_8,1633640269,0
497,new2019_negstar_9,1633640269,0
498,nocrash_notrequired_noarg_1,1633640269,0
499,nocrash_notrequired_noarg_2,1633640269,0
500,nocrash_notrequired_noarg_3,1633640269,0
501,nocrash_notrequired_noarg_5,1633640269,0
502,nocrash_notrequired_noarg_6,1633640269,0
503,nocrash_notrequired_noarg_9,1633640269,0
504,nocrash_notrequired_noarg_10,1633640269,0
505,nocrash_notrequired_noarg_16,1633640269,0
506,nocrash_notrequired_noarg_17,1633640269,0
507,nocrash_notrequired_noarg_19,1633640269,0
508,nocrash_notrequired_noarg_20,1633640269,0
509,nocrash_notrequired_noarg_21,1633640269,0
510,nocrash_notrequired_noarg_22,1633640269,0
511,nocrash_notrequired_noarg_24,1633640269,0
512,nocrash_notrequired_noarg_25,1633640269,0
513,nocrash_notrequired_nullarg_1,1633640269,0
514,nocrash_notrequired_nullarg_2,1633640269,0
515,nocrash_notrequired_nullarg_3,1633640269,0
516,nocrash_notrequired_nullarg_5,1633640269,0
517,nocrash_notrequired_nullarg_6,1633640269,0
518,nocrash_notrequired_nullarg_9,1633640269,0
519,nocrash_notrequired_nullarg_10,1633640269,0
520,nocrash_notrequired_nullarg_16,1633640269,0
521,nocrash_notrequired_nullarg_17,1633640269,0
522,nocrash_notrequired_nullarg_18,1633640269,0
523,nocrash_notrequired_nullarg_19,1633640269,0
524,nocrash_notrequired_nullarg_20,1633640269,0
525,nocrash_notrequired_nullarg_21,1633640269,0
526,nocrash_notrequired_nullarg_22,1633640269,0
527,nocrash_notrequired_nullarg_23,1633640269,0
528,nocrash_notrequired_nullarg_24,1633640269,0
529,nocrash_notrequired_nullarg_25,1633640269,0
530,nocrash_notrequired_dupflag_d_ljljw,1633640269,0
531,nocrash_notrequired_c_prec_1,1633640269,0
532,nocrash_notrequired_c_prec_2,1633640269,0
533,nocrash_notrequired_c_zp_1,1633640269,0
534,nocrash_notrequired_c_zp_2,1633640269,0
535,nocrash_notrequired_c_lj_nowidth,1633640269,0
536,nocrash_notrequired_s_zp_1,1633640269,0
537,nocrash_notrequired_s_zp_2,1633640269,0
538,nocrash_notrequired_s_lj_nowidth,1633640269,0
539,nocrash_notrequired_p_prec_1,1633640269,0
540,nocrash_notrequired_p_prec_2,1633640269,0
541,nocrash_notrequired_p_zp_1,1633640269,0
542,nocrash_notrequired_p_zp_2,1633640269,0
543,nocrash_notrequired_p_lj_nowidth,1633640269,0
544,nocrash_notrequired_i_lj_nowidth,1633640269,0
545,nocrash_notrequired_u_lj_nowidth,1633640269,0
546,nocrash_notrequired_x_lj_nowidth,1633640269,0
547,nocrash_notrequired_f_lj_nowidth,1633640269,0
548,moul_c_1,1633640269,0
549,moul_c_2,1633640269,0
550,moul_c_3,1633640269,0
551,moul_c_4,1633640269,0
552,moul_c_5,1633640269,0
553,moul_c_5b,1633640269,0
554,moul_c_6,1633640269,0
555,moul_c_7,1633640269,0
556,moul_c_8,1633640269,0
557,moul_c_9,1633640269,0
558,moul_c_10,1633640269,0
559,moul_c_11,1633640269,0
560,moul_c_12,1633640269,0
561,moul_c_13,1633640269,0
562,moul_c_14,1633640269,0
563,moul_c_15,1633640269,0
564,moul_c_16,1633640269,0
565,moul_c_17,1633640269,0
566,moul_c_18,1633640269,0
567,moul_c_19,1633640269,0
568,moul_c_20,1633640269,0
569,moul_c_21,1633640269,0
570,moul_c_22,1633640269,0
571,moul_c_23,1633640269,0
572,moul_c_24,1633640269,0
573,moul_c_25,1633640269,0
574,moul_c_26,1633640269,0
575,moul_c_27,1633640269,0
576,moul_c_28,1633640269,0
577,moul_s_1,1633640269,0
578,moul_s_2,1633640269,0
579,moul_s_3,1633640269,0
580,moul_s_4,1633640269,0
581,moul_s_5_this_ones_a_doozy,1633640269,0
582,moul_d_1,1633640269,0
583,moul_d_2,1633640269,0
584,moul_d_3,1633640269,0
585,moul_d_4,1633640269,0
586,moul_d_5,1633640269,0
587,moul_d_6,1633640269,0
588,moul_d_7,1633640269,0
589,moul_d_8,1633640269,0
590,moul_d_9,1633640269,0
591,moul_d_10,1633640269,0
592,moul_d_11,1633640269,0
593,moul_d_12,1633640269,0
594,moul_mix_1,1633640269,0
595,moul_i_1,1633640269,0
596,moul_i_2,1633640269,0
597,moul_i_3,1633640269,0
598,moul_i_4,1633640269,0
599,moul_i_5,1633640269,0
600,moul_i_6,1633640269,0
601,moul_i_7,1633640269,0
602,moul_i_8,1633640269,0
603,moul_i_9,1633640269,0
604,moul_i_10,1633640269,0
605,moul_i_11,1633640269,0
606,moul_i_12,1633640269,0
607,moul_u_1,1633640269,0
608,moul_u_2,1633640269,0
609,moul_u_3,1633640269,0
610,moul_u_4,1633640269,0
611,moul_u_5,1633640269,0
612,moul_u_6,1633640269,0
613,moul_u_7,1633640269,0
614,moul_u_8,1633640269,0
615,moul_u_9,1633640269,0
616,moul_u_10,1633640269,0
617,moul_u_11,1633640269,0
618,moul_u_12,1633640269,0
619,moul_x_1,1633640269,0
620,moul_x_2,1633640269,0
621,moul_x_3,1633640269,0
622,moul_x_4,1633640269,0
623,moul_x_5,1633640269,0
624,moul_x_6,1633640269,0
625,moul_x_7,1633640269,0
626,moul_x_8,1633640269,0
627,moul_x_9,1633640269,0
628,moul_x_10,1633640269,0
629,moul_x_11,1633640269,0
630,moul_x_12,1633640269,0
631,moul_prec_1,1633640269,0
632,moul_prec_3,1633640269,0
633,moul_prec_4,1633640269,0
634,moul_prec_5,1633640269,0
635,moul_zeropad_1,1633640269,0
636,moul_zeropad_2,1633640269,0
637,moul_zeropad_3,1633640269,0
638,moul_zeropad_4,1633640269,0
639,moul_leftjusty_1,1633640269,0
640,moul_leftjusty_2,1633640269,0
641,moul_leftjusty_3,1633640269,0
642,moul_leftjusty_4,1633640269,0
643,moul_leftjusty_5,1633640269,0
644,moul_leftjusty_6,1633640269,0
645,moul_leftjusty_7,1633640269,0
646,moul_star_1,1633640269,0
647,moul_star_2,1633640269,0
648,moul_star_3,1633640269,0
649,moul_star_4,1633640269,0
650,moul_star_5,1633640269,0
651,mix_test_0,1633640269,0
652,mix_test_1,1633640269,0
653,mix_test_2,1633640269,0
654,mix_test_3,1633640269,0
655,mix_test_4,1633640269,0
656,mix_test_5,1633640269,0
657,mix_test_6,1633640269,0
658,mix_test_7,1633640269,0
659,mix_test_8,1633640269,0
660,mix_test_9,1633640269,0
661,mix_test_10,1633640269,0
662,mix_test_11,1633640269,0
663,mix_test_12,1633640269,0
664,mix_test_13,1633640269,0
665,mix_test_14,1633640269,0
666,mix_test_15,1633640269,0
667,mix_test_16,1633640269,0
668,mix_test_17,1633640269,0
669,mix_test_18,1633640269,0
670,mix_test_19,1633640269,0
671,mix_test_20,1633640269,0
672,mix_test_21,1633640269,0
673,mix_test_22,1633640269,0
674,mix_test_23,1633640269,0
675,mix_test_24,1633640269,0
676,mix_test_25,1633640269,0
677,mix_test_26,1633640269,0
678,mix_test_27,1633640269,0
679,mix_test_28,1633640269,0
680,mix_test_29,1633640269,0
681,mix_test_30,1633640269,0
682,mix_test_31,1633640269,0
683,mix_test_32,1633640269,0
684,mix_test_33,1633640269,0
685,mix_test_34,1633640269,0
686,mix_test_35,1633640269,0
687,mix_test_36,1633640269,0
688,mix_test_37,1633640269,0
689,mix_test_38,1633640269,0
690,mix_test_39,1633640269,0
691,mix_test_40,1633640269,0
692,mix_test_41,1633640269,0
693,mix_test_42,1633640269,0
694,mix_test_43,1633640269,0
695,mix_test_44,1633640269,0
696,mix_test_45,1633640269,0
697,mix_test_46,1633640269,0
698,mix_test_47,1633640269,0
699,mix_test_48,1633640269,0
700,mix_test_49,1633640269,0
701,mix_test_50,1633640269,0
702,mix_test_51,1633640269,0
703,mix_test_52,1633640269,0
704,mix_test_53,1633640269,0
705,mix_test_54,1633640269,0
706,mix_test_55,1633640269,0
707,mix_test_56,1633640269,0
708,mix_test_57,1633640269,0
709,mix_test_58,1633640269,0
710,mix_test_59,1633640269,0
711,mix_test_60,1633640269,0
712,mix_test_61,1633640269,0
713,mix_test_62,1633640269,0
714,mix_test_63,1633640269,0
715,mix_test_64,1633640269,0
716,mix_test_65,1633640269,0
717,mix_test_66,1633640269,0
718,mix_test_67,1633640269,0
719,mix_test_68,1633640269,0
720,mix_test_69,1633640269,0
721,mix_test_70,1633640269,0
722,mix_test_71,1633640269,0
723,mix_test_72,1633640269,0
724,mix_test_73,1633640269,0
725,mix_test_74,1633640269,0
726,mix_test_75,1633640269,0
727,mix_test_76,1633640269,0
728,mix_test_77,1633640269,0
729,mix_test_78,1633640269,0
730,mix_test_79,1633640269,0
731,mix_test_80,1633640269,0
732,mix_test_81,1633640269,0
733,mix_test_82,1633640269,0
734,mix_test_83,1633640269,0
735,mix_test_84,1633640269,0
736,mix_test_85,1633640269,0
737,mix_test_86,1633640269,0
738,mix_test_87,1633640269,0
739,mix_test_88,1633640269,0
740,mix_test_89,1633640269,0
741,mix_test_90,1633640269,0
742,mix_test_91,1633640269,0
743,mix_test_92,1633640269,0
744,mix_test_93,1633640269,0
745,mix_test_94,1633640269,0
746,mix_test_95,1633640269,0
747,mix_test_96,1633640269,0
748,mix_test_97,1633640269,0
749,mix_test_98,1633640269,0
750,mix_test_99,1633640269,0
751,mix_successive_0,1633640269,0
752,mix_successive_4,1633640269,0
753,mix_successive_6,1633640269,0
754,mix_successive_10,1633640269,0
755,mix_successive_16,1633640269,0
756,mix_successive_20,1633640269,0
757,mix_successive_21,1633640269,0
758,mix_successive_28,1633640269,0
759,mix_successive_30,1633640269,0
760,mix_successive_31,1633640269,0
761,mix_successive_32,1633640269,0
762,mix_successive_39,1633640269,0
763,mix_successive_40,1633640269,0
764,mix_successive_42,1633640269,0
765,mix_successive_43,1633640269,0
766,mix_successive_45,1633640269,0
767,mix_successive_46,1633640269,0
768,mix_successive_61,1633640269,0
769,mix_successive_64,1633640269,0
770,bonus_as_d_pos,1633640269,0
771,bonus_as_d_neg,1633640269,0
772,bonus_as_d_intmax,1633640269,0
773,bonus_as_d_prec_pos,1633640269,0
774,bonus_as_d_prec_neg,1633640269,0
775,bonus_as_d_prec_pos_nofit,1633640269,0
776,bonus_as_d_width_pos,1633640269,0
777,bonus_as_d_width_zero,1633640269,0
778,bonus_as_d_width_intmax,1633640269,0
779,bonus_as_d_zp_fits,1633640269,0
780,bonus_as_d_zp_zero,1633640269,0
781,bonus_as_d_prec0val0,1633640269,0
782,bonus_as_d_prec0val0_impl,1633640269,0
783,bonus_as_d_prec_width_fit_fit_pos,1633640269,0
784,bonus_as_d_prec_width_fit_fit_neg,1633640269,0
785,bonus_as_d_prec_width_fit_fit_zero,1633640269,0
786,bonus_as_d_prec_width_nofit_fit_pos,1633640269,0
787,bonus_as_d_prec_width_nofit_fit_neg,1633640269,0
788,bonus_as_d_prec_width_fit_nofit_pos,1633640269,0
789,bonus_as_d_prec_width_fit_nofit_neg,1633640269,0
790,bonus_as_d_prec_width_nofit_nofit_pos,1633640269,0
791,bonus_as_d_prec_width_nofit_nofit_neg,1633640269,0
792,bonus_as_d_prec_width_fit_fit_pos_ljas,1633640269,0
793,bonus_as_d_prec_width_fit_fit_neg_ljas,1633640269,0
794,bonus_as_d_prec_width_fit_fit_zero_ljas,1633640269,0
795,bonus_as_d_prec_width_nofit_fit_pos_ljas,1633640269,0
796,bonus_as_d_prec_width_nofit_fit_neg_ljas,1633640269,0
797,bonus_as_d_prec_width_fit_nofit_pos_ljas,1633640269,0
798,bonus_as_d_prec_width_fit_nofit_neg_ljas,1633640269,0
799,bonus_as_d_prec_width_nofit_nofit_pos_ljas,1633640269,0
800,bonus_as_d_prec_width_nofit_nofit_neg_ljas,1633640269,0
801,bonus_as_d_prec_width_ff_pos_zp,1633640269,0
802,bonus_as_d_prec_width_ff_neg_zp,1633640269,0
803,bonus_as_d_prec_width_ff_zero_zp,1633640269,0
804,bonus_as_d_prec_width_nf_pos_zp,1633640269,0
805,bonus_as_d_prec_width_nf_neg_zp,1633640269,0
806,bonus_as_d_prec_width_fn_pos_zp,1633640269,0
807,bonus_as_d_prec_width_fn_neg_zp,1633640269,0
808,bonus_as_d_prec_width_nn_pos_zp,1633640269,0
809,bonus_as_d_prec_width_nn_neg_zp,1633640269,0
810,bonus_as_d_prec_width_ff_pos_ljaszp_ignoreflag,1633640269,0
811,bonus_as_d_prec_width_ff_neg_ljaszp_ignoreflag,1633640269,0
812,bonus_as_d_prec_width_ff_zero_ljaszp_ignoreflag,1633640269,0
813,bonus_as_d_prec_width_nf_pos_ljaszp_ignoreflag,1633640269,0
814,bonus_as_d_prec_width_nf_neg_ljaszp_ignoreflag,1633640269,0
815,bonus_as_d_prec_width_fn_pos_ljaszp_ignoreflag,1633640269,0
816,bonus_as_d_prec_width_fn_neg_ljaszp_ignoreflag,1633640269,0
817,bonus_as_d_prec_width_nn_pos_ljaszp_ignoreflag,1633640269,0
818,bonus_as_d_prec_width_nn_neg_ljaszp_ignoreflag,1633640269,0
819,bonus_as_i_pos,1633640269,0
820,bonus_as_i_neg,1633640269,0
821,bonus_as_i_intmax,1633640269,0
822,bonus_as_i_zp_fits,1633640269,0
823,bonus_as_i_zp_zero,1633640269,0
824,bonus_as_i_width_pos,1633640269,0
825,bonus_as_i_width_zero,1633640269,0
826,bonus_as_i_width_intmax,1633640269,0
827,bonus_as_i_prec_pos,1633640269,0
828,bonus_as_i_prec_neg,1633640269,0
829,bonus_as_i_prec_pos_nofit,1633640269,0
830,bonus_as_i_prec0val0,1633640269,0
831,bonus_as_i_prec0val0_impl,1633640269,0
832,bonus_as_i_prec0val0_was,1633640269,0
833,bonus_as_i_prec0val0_was_impl,1633640269,0
834,bonus_as_i_prec0val0_waslj,1633640269,0
835,bonus_as_i_prec0val0_waslj_impl,1633640269,0
836,bonus_as_i_prec_width_fit_fit_pos,1633640269,0
837,bonus_as_i_prec_width_fit_fit_neg,1633640269,0
838,bonus_as_i_prec_width_fit_fit_zero,1633640269,0
839,bonus_as_i_prec_width_nofit_fit_pos,1633640269,0
840,bonus_as_i_prec_width_nofit_fit_neg,1633640269,0
841,bonus_as_i_prec_width_fit_nofit_pos,1633640269,0
842,bonus_as_i_prec_width_fit_nofit_neg,1633640269,0
843,bonus_as_i_prec_width_nofit_nofit_pos,1633640269,0
844,bonus_as_i_prec_width_nofit_nofit_neg,1633640269,0
845,bonus_as_i_prec_width_ff_pos_zp,1633640269,0
846,bonus_as_i_prec_width_ff_neg_zp,1633640269,0
847,bonus_as_i_prec_width_ff_zero_zp,1633640269,0
848,bonus_as_i_prec_width_nf_pos_zp,1633640269,0
849,bonus_as_i_prec_width_nf_neg_zp,1633640269,0
850,bonus_as_i_prec_width_fn_pos_zp,1633640269,0
851,bonus_as_i_prec_width_fn_neg_zp,1633640269,0
852,bonus_as_i_prec_width_nn_pos_zp,1633640269,0
853,bonus_as_i_prec_width_nn_neg_zp,1633640269,0
854,bonus_as_i_prec_width_fit_fit_pos_ljas,1633640269,0
855,bonus_as_i_prec_width_fit_fit_neg_ljas,1633640269,0
856,bonus_as_i_prec_width_fit_fit_zero_ljas,1633640269,0
857,bonus_as_i_prec_width_nofit_fit_pos_ljas,1633640269,0
858,bonus_as_i_prec_width_nofit_fit_neg_ljas,1633640269,0
859,bonus_as_i_prec_width_fit_nofit_pos_ljas,1633640269,0
860,bonus_as_i_prec_width_fit_nofit_neg_ljas,1633640269,0
861,bonus_as_i_prec_width_nofit_nofit_pos_ljas,1633640269,0
862,bonus_as_i_prec_width_nofit_nofit_neg_ljas,1633640269,0
863,bonus_as_i_prec_width_ff_pos_ljaszp_ignoreflag,1633640269,0
864,bonus_as_i_prec_width_ff_neg_ljaszp_ignoreflag,1633640269,0
865,bonus_as_i_prec_width_ff_zero_ljaszp_ignoreflag,1633640269,0
866,bonus_as_i_prec_width_nf_pos_ljaszp_ignoreflag,1633640269,0
867,bonus_as_i_prec_width_nf_neg_ljaszp_ignoreflag,1633640269,0
868,bonus_as_i_prec_width_fn_pos_ljaszp_ignoreflag,1633640269,0
869,bonus_as_i_prec_width_fn_neg_ljaszp_ignoreflag,1633640269,0
870,bonus_as_i_prec_width_nn_pos_ljaszp_ignoreflag,1633640269,0
871,bonus_as_i_prec_width_nn_neg_ljaszp_ignoreflag,1633640269,0
872,nocrash_notrequired_bonus_as_dupflag_d,1633640269,0
873,nocrash_notrequired_bonus_as_dupflag_d_ljasljw,1633640269,0
874,nocrash_notrequired_bonus_as_c_1,1633640269,0
875,nocrash_notrequired_bonus_as_c_2,1633640269,0
876,nocrash_notrequired_bonus_as_s_1,1633640269,0
877,nocrash_notrequired_bonus_as_p_1,1633640269,0
878,nocrash_notrequired_bonus_as_p_2,1633640269,0
879,nocrash_notrequired_bonus_as_u,1633640269,0
880,nocrash_notrequired_bonus_as_x,1633640269,0
881,nocrash_notrequired_bonus_as_X,1633640269,0
882,bonus_sp_d_basic_i_pos,1633640269,0
883,bonus_sp_d_basic_i_neg,1633640269,0
884,bonus_sp_d_basic_i_zero,1633640269,0
885,bonus_sp_d_basic_i_onlypos,1633640269,0
886,bonus_sp_d_basic_i_onlyneg,1633640269,0
887,bonus_sp_d_basic_i_onlyzero,1633640269,0
888,bonus_sp_d_basic_i_pos_d,1633640269,0
889,bonus_sp_d_basic_i_neg_d,1633640269,0
890,bonus_sp_d_basic_i_zero_d,1633640269,0
891,bonus_sp_d_intmax,1633640269,0
892,bonus_sp_d_intmin,1633640269,0
893,bonus_sp_d_width_pos_fits,1633640269,0
894,bonus_sp_d_width_neg_fits,1633640269,0
895,bonus_sp_d_width_zero_fits,1633640269,0
896,bonus_sp_d_width_pos_exactfit,1633640269,0
897,bonus_sp_d_width_neg_exactfit,1633640269,0
898,bonus_sp_d_width_pos_nofit,1633640269,0
899,bonus_sp_d_width_neg_nofit,1633640269,0
900,bonus_sp_d_width_pos_fits_lj,1633640269,0
901,bonus_sp_d_width_neg_fits_lj,1633640269,0
902,bonus_sp_d_width_zero_fits_lj,1633640269,0
903,bonus_sp_d_width_pos_exactfit_lj,1633640269,0
904,bonus_sp_d_width_neg_exactfit_lj,1633640269,0
905,bonus_sp_d_width_pos_nofit_lj,1633640269,0
906,bonus_sp_d_width_neg_nofit_lj,1633640269,0
907,bonus_sp_d_prec_fits_pos,1633640269,0
908,bonus_sp_d_prec_fits_neg,1633640269,0
909,bonus_sp_d_prec_fits_zero,1633640269,0
910,bonus_sp_d_prec_exactfit_pos,1633640269,0
911,bonus_sp_d_prec_exactfit_neg,1633640269,0
912,bonus_sp_d_prec_nofit_pos,1633640269,0
913,bonus_sp_d_prec_nofit_neg,1633640269,0
914,bonus_sp_d_zpsp_pos_fits,1633640269,0
915,bonus_sp_d_zpsp_neg_fits,1633640269,0
916,bonus_sp_d_zpsp_zero_fits,1633640269,0
917,bonus_sp_d_zpsp_pos_exactfit,1633640269,0
918,bonus_sp_d_zpsp_neg_exactfit,1633640269,0
919,bonus_sp_d_zpsp_neg_minus1fit,1633640269,0
920,bonus_sp_d_prec_width_fit_fit_pos,1633640269,0
921,bonus_sp_d_prec_width_fit_fit_neg,1633640269,0
922,bonus_sp_d_prec_width_fit_fit_zero,1633640269,0
923,bonus_sp_d_prec_width_nofit_fit_pos,1633640269,0
924,bonus_sp_d_prec_width_nofit_fit_neg,1633640269,0
925,bonus_sp_d_prec_width_fit_nofit_pos,1633640269,0
926,bonus_sp_d_prec_width_fit_nofit_neg,1633640269,0
927,bonus_sp_d_prec_width_nofit_nofit_pos,1633640269,0
928,bonus_sp_d_prec_width_nofit_nofit_neg,1633640269,0
929,bonus_sp_d_prec_width_fit_fit_pos_lj,1633640269,0
930,bonus_sp_d_prec_width_fit_fit_neg_lj,1633640269,0
931,bonus_sp_d_prec_width_fit_fit_zero_lj,1633640269,0
932,bonus_sp_d_prec_width_nofit_fit_pos_lj,1633640269,0
933,bonus_sp_d_prec_width_nofit_fit_neg_lj,1633640269,0
934,bonus_sp_d_prec_width_fit_nofit_pos_lj,1633640269,0
935,bonus_sp_d_prec_width_fit_nofit_neg_lj,1633640269,0
936,bonus_sp_d_prec_width_nofit_nofit_pos_lj,1633640269,0
937,bonus_sp_d_prec_width_nofit_nofit_neg_lj,1633640269,0
938,bonus_sp_d_prec_width_ff_pos_zp,1633640269,0
939,bonus_sp_d_prec_width_ff_neg_zp,1633640269,0
940,bonus_sp_d_prec_width_ff_zero_zp,1633640269,0
941,bonus_sp_d_prec_width_nf_pos_zp,1633640269,0
942,bonus_sp_d_prec_width_nf_neg_zp,1633640269,0
943,bonus_sp_d_prec_width_fn_pos_zp,1633640269,0
944,bonus_sp_d_prec_width_fn_neg_zp,1633640269,0
945,bonus_sp_d_prec_width_nn_pos_zp,1633640269,0
946,bonus_sp_d_prec_width_nn_neg_zp,1633640269,0
947,bonus_sp_d_prec_width_ff_pos_ljzpsp_ignoreflag,0,1633640269
948,bonus_sp_d_prec_width_ff_neg_ljzpsp_ignoreflag,1633640269,0
949,bonus_sp_d_prec_width_ff_zero_ljzpsp_ignoreflag,0,1633640269
950,bonus_sp_d_prec_width_nf_pos_ljzpsp_ignoreflag,0,1633640269
951,bonus_sp_d_prec_width_nf_neg_ljzpsp_ignoreflag,1633640269,0
952,bonus_sp_d_prec_width_fn_pos_ljzpsp_ignoreflag,1633640269,0
953,bonus_sp_d_prec_width_fn_neg_ljzpsp_ignoreflag,1633640269,0
954,bonus_sp_d_prec_width_nn_pos_ljzpsp_ignoreflag,1633640269,0
955,bonus_sp_d_prec_width_nn_neg_ljzpsp_ignoreflag,1633640269,0
956,bonus_sp_i_basic_i_pos,1633640269,0
957,bonus_sp_i_basic_i_neg,1633640269,0
958,bonus_sp_i_basic_i_zero,1633640269,0
959,bonus_sp_i_basic_i_onlypos,1633640269,0
960,bonus_sp_i_basic_i_onlyneg,1633640269,0
961,bonus_sp_i_basic_i_onlyzero,1633640269,0
962,bonus_sp_i_basic_i_pos_d,1633640269,0
963,bonus_sp_i_basic_i_neg_d,1633640269,0
964,bonus_sp_i_basic_i_zero_d,1633640269,0
965,bonus_sp_i_intmax,1633640269,0
966,bonus_sp_i_intmin,1633640269,0
967,bonus_sp_i_width_pos_fits,1633640269,0
968,bonus_sp_i_width_neg_fits,1633640269,0
969,bonus_sp_i_width_zero_fits,1633640269,0
970,bonus_sp_i_width_pos_exactfit,1633640269,0
971,bonus_sp_i_width_neg_exactfit,1633640269,0
972,bonus_sp_i_width_pos_nofit,1633640269,0
973,bonus_sp_i_width_neg_nofit,1633640269,0
974,bonus_sp_i_width_pos_fits_lj,1633640269,0
975,bonus_sp_i_width_neg_fits_lj,1633640269,0
976,bonus_sp_i_width_zero_fits_lj,1633640269,0
977,bonus_sp_i_width_pos_exactfit_lj,1633640269,0
978,bonus_sp_i_width_neg_exactfit_lj,1633640269,0
979,bonus_sp_i_width_pos_nofit_lj,1633640269,0
980,bonus_sp_i_width_neg_nofit_lj,1633640269,0
981,bonus_sp_i_prec_fits_pos,1633640269,0
982,bonus_sp_i_prec_fits_neg,1633640269,0
983,bonus_sp_i_prec_fits_zero,1633640269,0
984,bonus_sp_i_prec_exactfit_pos,1633640269,0
985,bonus_sp_i_prec_exactfit_neg,1633640269,0
986,bonus_sp_i_prec_nofit_pos,1633640269,0
987,bonus_sp_i_prec_nofit_neg,1633640269,0
988,bonus_sp_i_zpsp_pos_fits,1633640269,0
989,bonus_sp_i_zpsp_neg_fits,1633640269,0
990,bonus_sp_i_zpsp_zero_fits,1633640269,0
991,bonus_sp_i_zpsp_pos_exactfit,1633640269,0
992,bonus_sp_i_zpsp_neg_exactfit,1633640269,0
993,bonus_sp_i_zpsp_neg_minus1fit,1633640269,0
994,bonus_sp_i_prec_width_fit_fit_pos,1633640269,0
995,bonus_sp_i_prec_width_fit_fit_neg,1633640269,0
996,bonus_sp_i_prec_width_fit_fit_zero,1633640269,0
997,bonus_sp_i_prec_width_nofit_fit_pos,1633640269,0
998,bonus_sp_i_prec_width_nofit_fit_neg,1633640269,0
999,bonus_sp_i_prec_width_fit_nofit_pos,1633640269,0
1000,bonus_sp_i_prec_width_fit_nofit_neg,1633640269,0
1001,bonus_sp_i_prec_width_nofit_nofit_pos,1633640269,0
1002,bonus_sp_i_prec_width_nofit_nofit_neg,1633640269,0
1003,bonus_sp_i_prec_width_fit_fit_pos_lj,1633640269,0
1004,bonus_sp_i_prec_width_fit_fit_neg_lj,1633640269,0
1005,bonus_sp_i_prec_width_fit_fit_zero_lj,1633640269,0
1006,bonus_sp_i_prec_width_nofit_fit_pos_lj,1633640269,0
1007,bonus_sp_i_prec_width_nofit_fit_neg_lj,1633640269,0
1008,bonus_sp_i_prec_width_fit_nofit_pos_lj,1633640269,0
1009,bonus_sp_i_prec_width_fit_nofit_neg_lj,1633640269,0
1010,bonus_sp_i_prec_width_nofit_nofit_pos_lj,1633640269,0
1011,bonus_sp_i_prec_width_nofit_nofit_neg_lj,1633640269,0
1012,bonus_sp_i_prec_width_ff_pos_zp,1633640269,0
1013,bonus_sp_i_prec_width_ff_neg_zp,1633640269,0
1014,bonus_sp_i_prec_width_ff_zero_zp,1633640269,0
1015,bonus_sp_i_prec_width_nf_pos_zp,1633640269,0
1016,bonus_sp_i_prec_width_nf_neg_zp,1633640269,0
1017,bonus_sp_i_prec_width_fn_pos_zp,1633640269,0
1018,bonus_sp_i_prec_width_fn_neg_zp,1633640269,0
1019,bonus_sp_i_prec_width_nn_pos_zp,1633640269,0
1020,bonus_sp_i_prec_width_nn_neg_zp,1633640269,0
1021,bonus_sp_i_prec_width_ff_pos_ljzpsp_ignoreflag,0,1633640269
1022,bonus_sp_i_prec_width_ff_neg_ljzpsp_ignoreflag,1633640269,0
1023,bonus_sp_i_prec_width_ff_zero_ljzpsp_ignoreflag,0,1633640269
1024,bonus_sp_i_prec_width_nf_pos_ljzpsp_ignoreflag,0,1633640269
1025,bonus_sp_i_prec_width_nf_neg_ljzpsp_ignoreflag,1633640269,0
1026,bonus_sp_i_prec_width_fn_pos_ljzpsp_ignoreflag,1633640269,0
1027,bonus_sp_i_prec_width_fn_neg_ljzpsp_ignoreflag,1633640269,0
1028,bonus_sp_i_prec_width_nn_pos_ljzpsp_ignoreflag,1633640269,0
1029,bonus_sp_i_prec_width_nn_neg_ljzpsp_ignoreflag,1633640269,0
1030,nocrash_notrequired_bonus_sp_dupflag_d,1633640269,0
1031,nocrash_notrequired_bonus_sp_c_1,1633640269,0
1032,nocrash_notrequired_bonus_sp_c_2,1633640269,0
1033,nocrash_notrequired_bonus_sp_s_1,1633640269,0
1034,nocrash_notrequired_bonus_sp_p_1,1633640269,0
1035,nocrash_notrequired_bonus_sp_p_2,1633640269,0
1036,nocrash_notrequired_bonus_sp_u,1633640269,0
1037,nocrash_notrequired_bonus_sp_x,1633640269,0
1038,nocrash_notrequired_bonus_sp_X,1633640269,0
1039,bonus_af_x_basic_pos,1633640269,0
1040,bonus_af_x_basic_zero,1633640269,0
1041,bonus_af_x_basic_onlypos,1633640269,0
1042,bonus_af_x_hexlmax,1633640269,0
1043,bonus_af_x_width_pos_fits,1633640269,0
1044,bonus_af_x_width_zero_fits,1633640269,0
1045,bonus_af_x_width_pos_exactfit,1633640269,0
1046,bonus_af_x_width_pos_nofit,1633640269,0
1047,bonus_af_x_width_pos_fits_lj,1633640269,0
1048,bonus_af_x_width_zero_fits_lj,1633640269,0
1049,bonus_af_x_width_pos_exactfit_lj,1633640269,0
1050,bonus_af_x_width_pos_nofit_lj,1633640269,0
1051,bonus_af_x_prec_fits_pos,1633640269,0
1052,bonus_af_x_prec_fits_zero,1633640269,0
1053,bonus_af_x_prec_exactfit_pos,1633640269,0
1054,bonus_af_x_prec_nofit_pos,1633640269,0
1055,bonus_af_x_prec0val0,1633640269,0
1056,bonus_af_x_prec0val0_impl,1633640269,0
1057,bonus_af_x_prec0val0_waf,1633640269,0
1058,bonus_af_x_prec0val0_waf_impl,1633640269,0
1059,bonus_af_x_prec0val0_waflj,1633640269,0
1060,bonus_af_x_prec0val0_waflj_impl,1633640269,0
1061,bonus_af_x_zp_pos_fits,1633640269,0
1062,bonus_af_x_zp_zero_fits,1633640269,0
1063,bonus_af_x_zp_pos_exactfit,1633640269,0
1064,bonus_af_x_prec_width_fit_fit_pos,1633640269,0
1065,bonus_af_x_prec_width_fit_fit_zero,1633640269,0
1066,bonus_af_x_prec_width_nofit_fit_pos,1633640269,0
1067,bonus_af_x_prec_width_fit_nofit_pos,1633640269,0
1068,bonus_af_x_prec_width_nofit_nofit_pos,1633640269,0
1069,bonus_af_x_prec_width_fit_fit_pos_lj,1633640269,0
1070,bonus_af_x_prec_width_fit_fit_zero_lj,1633640269,0
1071,bonus_af_x_prec_width_nofit_fit_pos_lj,1633640269,0
1072,bonus_af_x_prec_width_fit_nofit_pos_lj,1633640269,0
1073,bonus_af_x_prec_width_nofit_nofit_pos_lj,1633640269,0
1074,bonus_af_x_prec_width_ff_pos_zp,1633640269,0
1075,bonus_af_x_prec_width_ff_zero_zp,1633640269,0
1076,bonus_af_x_prec_width_nf_pos_zp,1633640269,0
1077,bonus_af_x_prec_width_fn_pos_zp,1633640269,0
1078,bonus_af_x_prec_width_nn_pos_zp,1633640269,0
1079,bonus_af_x_prec_width_ff_pos_ljzpaf_ignoreflag,1633640269,0
1080,bonus_af_x_prec_width_ff_zero_ljzpaf_ignoreflag,1633640269,0
1081,bonus_af_x_prec_width_nf_pos_ljzpaf_ignoreflag,1633640269,0
1082,bonus_af_x_prec_width_fn_pos_ljzpaf_ignoreflag,1633640269,0
1083,bonus_af_x_prec_width_nn_pos_ljzpaf_ignoreflag,1633640269,0
1084,bonus_af_X_basic_hexu_pos,1633640269,0
1085,bonus_af_X_basic_hexu_zero,1633640269,0
1086,bonus_af_X_basic_hexu_onlypos,1633640269,0
1087,bonus_af_X_hexumax,1633640269,0
1088,bonus_af_X_width_pos_fits,1633640269,0
1089,bonus_af_X_width_zero_fits,1633640269,0
1090,bonus_af_X_width_pos_exactfit,1633640269,0
1091,bonus_af_X_width_pos_nofit,1633640269,0
1092,bonus_af_X_width_pos_fits_lj,1633640269,0
1093,bonus_af_X_width_zero_fits_lj,1633640269,0
1094,bonus_af_X_width_pos_exactfit_lj,1633640269,0
1095,bonus_af_X_width_pos_nofit_lj,1633640269,0
1096,bonus_af_X_prec_fits_pos,1633640269,0
1097,bonus_af_X_prec_fits_zero,1633640269,0
1098,bonus_af_X_prec_exactfit_pos,1633640269,0
1099,bonus_af_X_prec_nofit_pos,1633640269,0
1100,bonus_af_X_prec0val0,1633640269,0
1101,bonus_af_X_prec0val0_impl,1633640269,0
1102,bonus_af_X_prec0val0_waf,1633640269,0
1103,bonus_af_X_prec0val0_waf_impl,1633640269,0
1104,bonus_af_X_prec0val0_waflj,1633640269,0
1105,bonus_af_X_prec0val0_waflj_impl,1633640269,0
1106,bonus_af_X_zp_pos_fits,1633640269,0
1107,bonus_af_X_zp_zero_fits,1633640269,0
1108,bonus_af_X_zp_pos_exactfit,1633640269,0
1109,bonus_af_X_prec_width_fit_fit_pos,1633640269,0
1110,bonus_af_X_prec_width_fit_fit_zero,1633640269,0
1111,bonus_af_X_prec_width_nofit_fit_pos,1633640269,0
1112,bonus_af_X_prec_width_fit_nofit_pos,1633640269,0
1113,bonus_af_X_prec_width_nofit_nofit_pos,1633640269,0
1114,bonus_af_X_prec_width_fit_fit_pos_lj,1633640269,0
1115,bonus_af_X_prec_width_fit_fit_zero_lj,1633640269,0
1116,bonus_af_X_prec_width_nofit_fit_pos_lj,1633640269,0
1117,bonus_af_X_prec_width_fit_nofit_pos_lj,1633640269,0
1118,bonus_af_X_prec_width_nofit_nofit_pos_lj,1633640269,0
1119,bonus_af_X_prec_width_ff_pos_zp,1633640269,0
1120,bonus_af_X_prec_width_ff_zero_zp,1633640269,0
1121,bonus_af_X_prec_width_nf_pos_zp,1633640269,0
1122,bonus_af_X_prec_width_fn_pos_zp,1633640269,0
1123,bonus_af_X_prec_width_nn_pos_zp,1633640269,0
1124,bonus_af_X_prec_width_ff_pos_ljzpaf_ignoreflag,1633640269,0
1125,bonus_af_X_prec_width_ff_zero_ljzpaf_ignoreflag,1633640269,0
1126,bonus_af_X_prec_width_nf_pos_ljzpaf_ignoreflag,1633640269,0
1127,bonus_af_X_prec_width_fn_pos_ljzpaf_ignoreflag,1633640269,0
1128,bonus_af_X_prec_width_nn_pos_ljzpaf_ignoreflag,1633640269,0
1129,nocrash_notrequired_bonus_af_noarg_4,1633640269,0
1130,nocrash_notrequired_bonus_af_nullarg_4,1633640269,0
1131,nocrash_notrequired_bonus_af_dupflag_x,1633640269,0
1132,nocrash_notrequired_bonus_af_dupflag_xasasljw,1633640269,0
1133,nocrash_notrequired_bonus_af_c,1633640269,0
1134,nocrash_notrequired_bonus_af_s,1633640269,0
1135,nocrash_notrequired_bonus_af_p,1633640269,0
1136,nocrash_notrequired_bonus_af_d,1633640269,0
1137,nocrash_notrequired_bonus_af_i,1633640269,0
1138,nocrash_notrequired_bonus_af_u,1633640269,0
1139,bonus_assp_d_pos_ignoreflag,0,1633640269
1140,bonus_assp_d_neg_ignoreflag,1633640269,0
1141,bonus_assp_d_intmax_ignoreflag,0,1633640269
1142,bonus_assp_d_width_pos_ignoreflag,1633640269,0
1143,bonus_assp_d_width_zero_ignoreflag,1633640269,0
1144,bonus_assp_d_width_intmax_ignoreflag,1633640269,0
1145,bonus_assp_d_prec_pos_ignoreflag,0,1633640269
1146,bonus_assp_d_prec_neg_ignoreflag,1633640269,0
1147,bonus_assp_d_prec_pos_nofit_ignoreflag,0,1633640269
1148,bonus_assp_d_zpassp_as_fits_ignoreflag,0,1633640269
1149,bonus_assp_d_zpassp_zero_ignoreflag,0,1633640269
1150,bonus_assp_d_prec_width_fit_fit_pos_ignoreflag,1633640269,0
1151,bonus_assp_d_prec_width_fit_fit_neg_ignoreflag,1633640269,0
1152,bonus_assp_d_prec_width_fit_fit_zero_ignoreflag,1633640269,0
1153,bonus_assp_d_prec_width_nofit_fit_pos_ignoreflag,1633640269,0
1154,bonus_assp_d_prec_width_nofit_fit_neg_ignoreflag,1633640269,0
1155,bonus_assp_d_prec_width_fit_nofit_pos_ignoreflag,0,1633640269
1156,bonus_assp_d_prec_width_fit_nofit_neg_ignoreflag,1633640269,0
1157,bonus_assp_d_prec_width_nofit_nofit_pos_ignoreflag,0,1633640269
1158,bonus_assp_d_prec_width_nofit_nofit_neg_ignoreflag,1633640269,0
1159,bonus_assp_d_prec0val0_was,1633640269,0
1160,bonus_assp_d_prec0val0_was_impl,1633640269,0
1161,bonus_assp_d_prec0val0_waslj,1633640269,0
1162,bonus_assp_d_prec0val0_waslj_impl,1633640269,0
1163,bonus_assp_d_prec_width_fit_fit_pos_lj_ignoreflag,0,1633640269
1164,bonus_assp_d_prec_width_fit_fit_neg_lj_ignoreflag,1633640269,0
1165,bonus_assp_d_prec_width_fit_fit_zero_lj_ignoreflag,0,1633640269
1166,bonus_assp_d_prec_width_nofit_fit_pos_lj_ignoreflag,0,1633640269
1167,bonus_assp_d_prec_width_nofit_fit_neg_lj_ignoreflag,1633640269,0
1168,bonus_assp_d_prec_width_fit_nofit_pos_lj_ignoreflag,0,1633640269
1169,bonus_assp_d_prec_width_fit_nofit_neg_lj_ignoreflag,1633640269,0
1170,bonus_assp_d_prec_width_nofit_nofit_pos_lj_ignoreflag,0,1633640269
1171,bonus_assp_d_prec_width_nofit_nofit_neg_lj_ignoreflag,1633640269,0
1172,bonus_assp_d_prec_width_ff_pos_aszpsp_ignoreflag,1633640269,0
1173,bonus_assp_d_prec_width_ff_neg_aszpsp_ignoreflag,1633640269,0
1174,bonus_assp_d_prec_width_ff_zero_aszpsp_ignoreflag,1633640269,0
1175,bonus_assp_d_prec_width_nf_pos_aszpsp_ignoreflag,1633640269,0
1176,bonus_assp_d_prec_width_nf_neg_aszpsp_ignoreflag,1633640269,0
1177,bonus_assp_d_prec_width_fn_pos_aszpsp_ignoreflag,0,1633640269
1178,bonus_assp_d_prec_width_fn_neg_aszpsp_ignoreflag,1633640269,0
1179,bonus_assp_d_prec_width_nn_pos_aszpsp_ignoreflag,0,1633640269
1180,bonus_assp_d_prec_width_nn_neg_aszpsp_ignoreflag,1633640269,0
1181,bonus_assp_d_prec_width_ff_pos_ljaszpsp_ignoreflag,1633640269,0
1182,bonus_assp_d_prec_width_ff_neg_ljaszpsp_ignoreflag,1633640269,0
1183,bonus_assp_d_prec_width_ff_zero_ljaszpsp_ignoreflag,1633640269,0
1184,bonus_assp_d_prec_width_nf_pos_ljaszpsp_ignoreflag,1633640269,0
1185,bonus_assp_d_prec_width_nf_neg_ljaszpsp_ignoreflag,1633640269,0
1186,bonus_assp_d_prec_width_fn_pos_ljaszpsp_ignoreflag,0,1633640269
1187,bonus_assp_d_prec_width_fn_neg_ljaszpsp_ignoreflag,1633640269,0
1188,bonus_assp_d_prec_width_nn_pos_ljaszpsp_ignoreflag,0,1633640269
1189,bonus_assp_d_prec_width_nn_neg_ljaszpsp_ignoreflag,1633640269,0
1190,bonus_assp_i_pos_ignoreflag,0,1633640269
1191,bonus_assp_i_neg_ignoreflag,1633640269,0
1192,bonus_assp_i_intmax_ignoreflag,0,1633640269
1193,bonus_assp_i_width_pos_ignoreflag,1633640269,0
1194,bonus_assp_i_width_zero_ignoreflag,1633640269,0
1195,bonus_assp_i_width_intmax_ignoreflag,1633640269,0
1196,bonus_assp_i_prec_pos_ignoreflag,0,1633640269
1197,bonus_assp_i_prec_neg_ignoreflag,1633640269,0
1198,bonus_assp_i_prec_pos_nofit_ignoreflag,0,1633640269
1199,bonus_assp_i_zpassp_as_fits_ignoreflag,0,1633640269
1200,bonus_assp_i_zpassp_zero_ignoreflag,0,1633640269
1201,bonus_assp_i_prec_width_fit_fit_pos_ignoreflag,1633640269,0
1202,bonus_assp_i_prec_width_fit_fit_neg_ignoreflag,1633640269,0
1203,bonus_assp_i_prec_width_fit_fit_zero_ignoreflag,1633640269,0
1204,bonus_assp_i_prec_width_nofit_fit_pos_ignoreflag,1633640269,0
1205,bonus_assp_i_prec_width_nofit_fit_neg_ignoreflag,1633640269,0
1206,bonus_assp_i_prec_width_fit_nofit_pos_ignoreflag,0,1633640269
1207,bonus_assp_i_prec_width_fit_nofit_neg_ignoreflag,1633640269,0
1208,bonus_assp_i_prec_width_nofit_nofit_pos_ignoreflag,0,1633640269
1209,bonus_assp_i_prec_width_nofit_nofit_neg_ignoreflag,1633640269,0
1210,bonus_assp_i_prec_width_fit_fit_pos_lj_ignoreflag,0,1633640269
1211,bonus_assp_i_prec_width_fit_fit_neg_lj_ignoreflag,1633640269,0
1212,bonus_assp_i_prec_width_fit_fit_zero_lj_ignoreflag,0,1633640269
1213,bonus_assp_i_prec_width_nofit_fit_pos_lj_ignoreflag,0,1633640269
1214,bonus_assp_i_prec_width_nofit_fit_neg_lj_ignoreflag,1633640269,0
1215,bonus_assp_i_prec_width_fit_nofit_pos_lj_ignoreflag,0,1633640269
1216,bonus_assp_i_prec_width_fit_nofit_neg_lj_ignoreflag,1633640269,0
1217,bonus_assp_i_prec_width_nofit_nofit_pos_lj_ignoreflag,0,1633640269
1218,bonus_assp_i_prec_width_nofit_nofit_neg_lj_ignoreflag,1633640269,0
1219,bonus_assp_i_prec_width_ff_pos_aszpsp_ignoreflag,1633640269,0
1220,bonus_assp_i_prec_width_ff_neg_aszpsp_ignoreflag,1633640269,0
1221,bonus_assp_i_prec_width_ff_zero_aszpsp_ignoreflag,1633640269,0
1222,bonus_assp_i_prec_width_nf_pos_aszpsp_ignoreflag,1633640269,0
1223,bonus_assp_i_prec_width_nf_neg_aszpsp_ignoreflag,1633640269,0
1224,bonus_assp_i_prec_width_fn_pos_aszpsp_ignoreflag,0,1633640269
1225,bonus_assp_i_prec_width_fn_neg_aszpsp_ignoreflag,1633640269,0
1226,bonus_assp_i_prec_width_nn_pos_aszpsp_ignoreflag,0,1633640269
1227,bonus_assp_i_prec_width_nn_neg_aszpsp_ignoreflag,1633640269,0
1228,bonus_assp_i_prec_width_ff_pos_ljaszpsp_ignoreflag,1633640269,0
1229,bonus_assp_i_prec_width_ff_neg_ljaszpsp_ignoreflag,1633640269,0
1230,bonus_assp_i_prec_width_ff_zero_ljaszpsp_ignoreflag,1633640269,0
1231,bonus_assp_i_prec_width_nf_pos_ljaszpsp_ignoreflag,1633640269,0
1232,bonus_assp_i_prec_width_nf_neg_ljaszpsp_ignoreflag,1633640269,0
1233,bonus_assp_i_prec_width_fn_pos_ljaszpsp_ignoreflag,0,1633640269
1234,bonus_assp_i_prec_width_fn_neg_ljaszpsp_ignoreflag,1633640269,0
1235,bonus_assp_i_prec_width_nn_pos_ljaszpsp_ignoreflag,0,1633640269
1236,bonus_assp_i_prec_width_nn_neg_ljaszpsp_ignoreflag,1633640269,0
1237,nocrash_notrequired_bonus_assp_dupflag_d_spassp,1633640269,0
1489,nocrash_notrequired_bonus_length_noarg_11,1633640269,0
1490,nocrash_notrequired_bonus_length_noarg_12,1633640269,0
1491,nocrash_notrequired_bonus_length_noarg_13,1633640269,0
1492,nocrash_notrequired_bonus_length_noarg_14,1633640269,0
1493,nocrash_notrequired_bonus_length_nullarg_11,1633640269,0
1494,nocrash_notrequired_bonus_length_nullarg_12,1633640269,0
1495,nocrash_notrequired_bonus_length_nullarg_13,1633640269,0
1496,nocrash_notrequired_bonus_length_nullarg_14,1633640269,0
1497,nocrash_notrequired_bonus_length_c_hh,1633640269,0
1498,nocrash_notrequired_bonus_length_c_h,1633640269,0
1499,nocrash_notrequired_bonus_length_c_l,1633640269,0
1500,nocrash_notrequired_bonus_length_c_ll,1633640269,0
1501,nocrash_notrequired_bonus_length_s_hh,1633640269,0
1502,nocrash_notrequired_bonus_length_s_h,1633640269,0
1503,nocrash_notrequired_bonus_length_s_l,1633640269,0
1504,nocrash_notrequired_bonus_length_s_ll,1633640269,0
1505,nocrash_notrequired_bonus_length_p_hh,1633640269,0
1506,nocrash_notrequired_bonus_length_p_h,1633640269,0
1507,nocrash_notrequired_bonus_length_p_l,1633640269,0
1508,nocrash_notrequired_bonus_length_p_ll,1633640269,0
1509,nocrash_notrequired_bonus_length_d_hhh,1633640269,0
1510,nocrash_notrequired_bonus_length_d_hhhh,1633640269,0
1511,nocrash_notrequired_bonus_length_d_hhl,1633640269,0
1512,nocrash_notrequired_bonus_length_d_hhll,1633640269,0
1513,nocrash_notrequired_bonus_length_d_llh,1633640269,0
1514,nocrash_notrequired_bonus_length_d_lll,1633640269,0
1515,nocrash_notrequired_bonus_length_i_hhh,1633640269,0
1516,nocrash_notrequired_bonus_length_u_hhh,1633640269,0
1517,nocrash_notrequired_bonus_length_u_hhhh,1633640269,0
1518,nocrash_notrequired_bonus_length_u_hhl,1633640269,0
1519,nocrash_notrequired_bonus_length_u_hhll,1633640269,0
1520,nocrash_notrequired_bonus_length_u_llh,1633640269,0
1521,nocrash_notrequired_bonus_length_u_lll,1633640269,0
1522,nocrash_notrequired_bonus_length_x_hhh,1633640269,0
1523,nocrash_notrequired_bonus_length_x_hhhh,1633640269,0
1524,nocrash_notrequired_bonus_length_x_hhl,1633640269,0
1525,nocrash_notrequired_bonus_length_x_hhll,1633640269,0
1526,nocrash_notrequired_bonus_length_x_llh,1633640269,0
1527,nocrash_notrequired_bonus_length_x_lll,1633640269,0
1528,nocrash_notrequired_bonus_length_X_hhh,1633640269,0
1529,nocrash_notrequired_bonus_length_X_llh,1633640269,0
1530,nocrash_notrequired_bonus_length_f_hh,1633640269,0
1531,nocrash_notrequired_bonus_length_f_h,1633640269,0
1532,nocrash_notrequired_bonus_length_f_ll,1633640269,0
1533,nocrash_notrequired_bonus_length_f_lll,1633640269,0
1534,nocrash_notrequired_bonus_length_f_llll,1633640269,0
3170,bonus_sp_moul_1,1633640269,0
3171,bonus_sp_moul_2,1633640269,0
3172,bonus_sp_moul_3,1633640269,0
3173,bonus_sp_moul_prec_2,1633640269,0
3174,bonus_as_moul_1,1633640269,0
3175,bonus_as_moul_2,1633640269,0
3176,bonus_as_moul_3,1633640269,0
3177,bonus_as_moul_4,1633640269,0
3930,nocrash_notinsubject_notrequired_o_sp,1633640269,0
3931,nocrash_notinsubject_notrequired_o_hhh,1633640269,0
3932,nocrash_notinsubject_notrequired_o_hhhh,1633640269,0
3933,nocrash_notinsubject_notrequired_o_hhl,1633640269,0
3934,nocrash_notinsubject_notrequired_o_hhll,1633640269,0
3935,nocrash_notinsubject_notrequired_o_llh,1633640269,0
3936,nocrash_notinsubject_notrequired_o_lll,1633640269,0
3937,nocrash_notinsubject_notrequired_o_lj_nowidth,1633640269,0
3938,nocrash_notinsubject_notrequired_o_as,1633640269,0
4186,d_neg_prec_star_01,1633640269,0
4187,d_neg_prec_star_02,1633640269,0
4188,d_neg_prec_star_03,1633640269,0
4189,u_neg_prec_star_01,1633640269,0
4190,u_neg_prec_star_02,1633640269,0
4191,u_neg_prec_star_03,1633640269,0
4192,notintsubject_o_neg_prec_star_01,1633640269,0
4193,notintsubject_o_neg_prec_star_02,1633640269,0
4194,notintsubject_o_neg_prec_star_03,1633640269,0
4195,x_neg_prec_star_01,1633640269,0
4196,x_neg_prec_star_02,1633640269,0
4197,x_neg_prec_star_03,1633640269,0
4198,X_neg_prec_star_01,1633640269,0
4199,X_neg_prec_star_02,1633640269,0
4200,X_neg_prec_star_03,1633640269,0
4201,s_neg_prec_star_01,1633640269,0
4202,s_neg_prec_star_02,1633640269,0
4203,p_neg_prec_star_01,1633640269,0
4204,p_neg_prec_star_02,1633640269,0
4205,p_neg_prec_star_03,1633640269,0
4206,p_neg_prec_star_04,1633640269,0
